{"California": {"Urban": 0.9848196081212273, "Rural": 0.0007775322669615306, "Suburban": 0.014402859611811212}, "Florida": {"Suburban": 0.00390625060088176, "Urban": 0.9959393083656739, "Rural": 0.00015444103344432886}, "Hawaii": {"Rural": 0.05129083065123605, "Suburban": 0.9487091693487639}, "Kentucky": {"Rural": 0.04733347611908332, "Suburban": 0.08147711858356536, "Urban": 0.8711894052973513}, "Montana": {"Rural": 0.4256503464727934, "Suburban": 0.5743496535272067}, "Nebraska": {"Rural": 0.10938334936411243, "Suburban": 0.8906166506358876}, "New York": {"Suburban": 0.04347549187787746, "Rural": 0.00892642530050929, "Urban": 0.9475980828216133}, "Utah": {"Rural": 0.06362463259014983, "Suburban": 0.47290128324611086, "Urban": 0.46347408416373936}}