{"New York": {"Albany": 5.772463768115953, "Allegany": 43.70176470588235, "Bronx": 21.546428571428564, "Broome": 19.480405982905975, "Cattaraugus": 8.990638297872342, "Cayuga": 12.705882352941174, "Chautauqua": 11.130909090909087, "Chemung": 17.298607594936712, "Chenango": 27.137804878048783, "Clinton": 22.39622641509434, "Columbia": 9.077578475336324, "Cortland": 55.788846153846166, "Delaware": 16.464358974358984, "Dutchess": 17.78000000000001, "Erie": 14.820199306759068, "Essex": 52.77514285714286, "Franklin": 7.164999999999999, "Fulton": 19.415957446808505, "Genesee": 12.089014084507046, "Greene": 48.60600000000001, "Herkimer": 18.772666666666673, "Jefferson": 4.190393700787401, "Kings": 2.90983679106118, "Lewis": 37.315, "Livingston": 64.49178571428571, "Madison": 2.250526315789473, "Monroe": 11.47998756991919, "Montgomery": 51.38833333333333, "Nassau": 7.877962760131423, "New York": 4.767817348214692, "Niagara": 20.096118421052637, "Oneida": 12.92759803921568, "Onondaga": 7.466900749063661, "Ontario": 52.13350282485877, "Orange": 17.546026200873367, "Orleans": 20.152083333333334, "Oswego": 17.98209677419355, "Otsego": 34.548333333333325, "Putnam": 17.847615894039734, "Queens": 11.058817878028382, "Rensselaer": 1.6683631284916203, "Richmond": 15.852715231788075, "Rockland": 14.614639175257743, "Saratoga": 10.786231101511877, "Schenectady": 9.338160919540224, "Schoharie": 50.25416666666666, "Schuyler": 10.617142857142857, "Seneca": 42.293157894736844, "St. Lawrence": 21.49392857142858, "Steuben": 35.591684210526324, "Suffolk": 11.329914215686275, "Sullivan": 49.52365079365079, "Tioga": 11.9875, "Tompkins": 10.494253246753257, "Ulster": 9.65065989847715, "Warren": 10.240189573459713, "Washington": 59.8385294117647, "Wayne": 18.790090909090907, "Westchester": 4.226399015244755, "Wyoming": 27.249000000000006, "Yates": 46.96636363636364}, "California": {"Alameda": 15.152450519720881, "Amador": 164.89092592592598, "Butte": 47.367903225806444, "Calaveras": 37.4976, "Colusa": 25.974615384615387, "Contra Costa": 20.246918357715934, "Del Norte": 40.49571428571429, "El Dorado": 13.175724299065415, "Fresno": 28.623578431372525, "Glenn": 25.311666666666667, "Humboldt": 23.80686390532544, "Imperial": 35.92096385542169, "Inyo": 14.774426229508196, "Kern": 29.49115606936417, "Kings": 33.60309523809524, "Lake": 25.302857142857142, "Lassen": 35.26599999999999, "Los Angeles": 6.831223169314219, "Madera": 13.714067796610168, "Marin": 17.178315789473697, "Mariposa": 24.420000000000005, "Mendocino": 30.85479591836734, "Merced": 20.9622270742358, "Modoc": 47.669999999999995, "Mono": 42.155454545454546, "Monterey": 28.449050131926143, "Napa": 18.78801302931596, "Nevada": 23.167808219178077, "Orange": 0.3661935567705304, "Placer": 17.16178571428573, "Plumas": 34.184999999999995, "Riverside": 28.414044585987302, "Sacramento": 23.153274151436065, "San Benito": 31.898095238095244, "San Bernardino": 21.227480916030537, "San Diego": 18.74909106891708, "San Francisco": 10.551964136780677, "San Joaquin": 22.526799363057336, "San Luis Obispo": 26.44240802675584, "San Mateo": 14.754316797214994, "Santa Barbara": 1.998330055719437, "Santa Clara": 9.086742545687704, "Santa Cruz": 5.46085669781932, "Shasta": 16.221372549019605, "Sierra": 39.685, "Siskiyou": 47.78714285714286, "Solano": 31.165309446254096, "Sonoma": 19.500560271646844, "Stanislaus": 34.171596958174895, "Sutter": 20.787368421052644, "Tehama": 30.872307692307693, "Trinity": 45.02, "Tulare": 41.34056497175141, "Tuolumne": 33.60366666666666, "Ventura": 13.56724843661172, "Yolo": 20.350414078674966, "Yuba": 23.606944444444444}, "Florida": {"Alachua": 21.59787985865725, "Baker": 6.067199999999999, "Bay": 29.38974025974025, "Bradford": 19.247777777777777, "Brevard": 8.589506726457408, "Broward": 0.6268509256645002, "Calhoun": 151.435, "Charlotte": 27.698907563025227, "Citrus": 81.22689655172415, "Clay": 14.000032258064525, "Collier": 17.524829787234058, "Columbia": 55.50416666666669, "DeSoto": 95.96000000000001, "Dixie": 252.23, "Duval": 17.348056787932524, "Escambia": 7.794988009592317, "Flagler": 98.37052631578948, "Franklin": 205.89249999999998, "Gadsden": 193.5253846153846, "Gilchrist": 156.00142857142856, "Gulf": 83.3325, "Hamilton": 556.92, "Hardee": 195.13000000000002, "Hendry": 80.03473684210527, "Hernando": 23.673124999999995, "Highlands": 38.039736842105256, "Hillsborough": 14.64680188679249, "Holmes": 330.5933333333333, "Indian River": 13.42422413793103, "Jackson": 102.2423076923077, "Jefferson": 315.1925, "Lake": 15.028794117647063, "Lee": 6.655485751295326, "Leon": 9.641933085501863, "Levy": 105.72222222222226, "Liberty": 397.15, "Madison": 285.99363636363637, "Manatee": 18.086441102756893, "Marion": 29.1959817351598, "Martin": 20.176502463054195, "Miami-Dade": 1.3381824839064917, "Monroe": 31.638676470588226, "Nassau": 25.505121951219518, "Okaloosa": 22.654848484848475, "Okeechobee": 67.98935483870966, "Orange": 7.659212047459687, "Osceola": 18.574083044982686, "Palm Beach": 0.60292602666129, "Pasco": 16.492804347826077, "Pinellas": 0.1941127545301526, "Polk": 25.26823655913978, "Putnam": 47.461111111111116, "Santa Rosa": 41.17473684210521, "Sarasota": 14.424953051643183, "Seminole": 16.104928977272706, "St. Johns": 12.72551122194512, "St. Lucie": 24.479359756097555, "Sumter": 77.4260869565218, "Suwannee": 81.27428571428571, "Taylor": 159.16714285714284, "Union": 186.03000000000003, "Volusia": 17.82933510638296, "Wakulla": 108.04666666666667, "Walton": 57.476538461538446, "Washington": 212.57}, "Nebraska": {"Adams": 11.599999999999998, "Antelope": 1.6266666666666667, "Banner": 0.094, "Blaine": 2.64, "Box Butte": 1.89, "Boyd": 1.2774999999999999, "Brown": 3.215, "Buffalo": 2.347073170731707, "Burt": 2.6420000000000003, "Butler": 2.52, "Cass": 1.5559090909090911, "Cedar": 0.8616666666666667, "Chase": 1.2733333333333332, "Cherry": 1.285, "Cheyenne": 1.0142857142857145, "Clay": 1.2366666666666666, "Cuming": 0.8825000000000001, "Custer": 1.2740000000000002, "Dakota": 1.1600000000000001, "Dawes": 1.335, "Dawson": 2.547058823529412, "Deuel": 1.46, "Dixon": 1.2125, "Dodge": 1.7312500000000002, "Douglas": 1.2982547169811325, "Dundy": 1.46, "Fillmore": 1.275, "Franklin": 1.27, "Frontier": 0.9516666666666667, "Gage": 1.7515384615384615, "Garden": 1.3866666666666667, "Garfield": 0.985, "Gosper": 1.34, "Greeley": 1.46, "Hall": 1.9940000000000002, "Hamilton": 1.206, "Harlan": 1.2349999999999999, "Hitchcock": 1.405, "Holt": 0.9957142857142857, "Howard": 1.36, "Jefferson": 1.33, "Kearney": 1.3175, "Keith": 1.225, "Kimball": 1.41, "Knox": 1.13, "Lancaster": 1.3152577319587628, "Lincoln": 2.128235294117647, "Logan": 1.46, "Madison": 1.3769696969696967, "Morrill": 1.23, "Nemaha": 1.3675, "Nuckolls": 1.4, "Otoe": 1.258, "Perkins": 1.388, "Phelps": 1.33, "Pierce": 1.1320000000000001, "Platte": 1.5925, "Polk": 1.36, "Red Willow": 0.9862962962962962, "Richardson": 1.8, "Rock": 1.41, "Saline": 0.0958918918918919, "Sarpy": 1.8063380281690133, "Saunders": 1.24125, "Scotts Bluff": 1.353157894736842, "Seward": 0.9538461538461539, "Sheridan": 0.9266666666666667, "Stanton": 1.255, "Thayer": 1.17, "Thomas": 1.46, "Thurston": 1.35, "Valley": 1.2349999999999999, "Washington": 1.4058333333333335, "Wayne": 1.1414285714285715, "Webster": 1.2999999999999998, "York": 1.8235714285714284}, "Utah": {"Beaver": 0.8074999999999999, "Box Elder": 2.3484782608695647, "Cache": 2.1443835616438363, "Carbon": 1.278125, "Davis": 3.9522300469483564, "Duchesne": 3.421200000000001, "Emery": 2.67, "Grand": 3.6857142857142855, "Iron": 3.8395238095238113, "Juab": 3.33, "Kane": 1.928666666666667, "Millard": 4.326666666666667, "Morgan": 3.622, "Rich": 5.755, "Salt Lake": 1.7463186670137996, "San Juan": 2.9766666666666666, "Sanpete": 2.122653061224489, "Sevier": 2.7812121212121217, "Summit": 2.071221719457013, "Tooele": 3.4561904761904763, "Uintah": 2.7268, "Utah": 1.5755697823303438, "Wasatch": 4.173333333333333, "Washington": 2.617155172413794, "Wayne": 3.27,