{"Florida": {"Pinellas": 0.12981352078756933, "Duval": 6.005611821638436, "Brevard": 3.2969511149228046, "Sarasota": 11.5766712141883, "Osceola": 11.53800646551723, "Lee": 4.50562257647566, "Miami-Dade": 0.9137592441127451, "Hillsborough": 7.684757462686551, "Pasco": 14.09136098981078, "Broward": 0.5828925030457293, "Orange": 3.3900050735667104, "Okaloosa": 16.055293103448243, "Volusia": 13.775976095617548, "Lake": 9.562040133779275, "Putnam": 30.644523809523808, "St. Lucie": 14.27912529550828, "Manatee": 13.156930069930091, "Seminole": 7.056170807453418, "Polk": 13.491818181818179, "Collier": 10.461084337349405, "Palm Beach": 0.16611265765123198, "Charlotte": 25.747364532019702, "Gadsden": 53.7588888888889, "Monroe": 20.08554817275747, "Calhoun": 72.39142857142858, "Hernando": 25.718796561604567, "DeSoto": 54.00424242424242, "Escambia": 10.779557613168729, "Sumter": 14.81392561983471, "Leon": 6.106090476190476, "St. Johns": 11.043796711509707, "Alachua": 8.564268227780733, "Citrus": 14.89030172413792, "Santa Rosa": 17.816764705882346, "Clay": 13.20206762028609, "Flagler": 18.839020270270243, "Bay": 9.613017902813306, "Walton": 44.07264550264551, "Martin": 13.948605341246289, "Levy": 93.80738095238095, "Marion": 10.087977011494253, "Washington": 118.21866666666668, "Indian River": 12.067920277296368, "Jackson": 48.74814814814816, "Glades": 96.89571428571428, "Nassau": 26.327883211678834, "Columbia": 29.050267857142853, "Union": 167.40062499999996, "Okeechobee": 47.25741935483872, "Hardee": 51.15742857142856, "Dixie": 811.3744444444445, "Suwannee": 51.08780487804878, "Franklin": 464.57818181818186, "Baker": 10.847450980392157, "Taylor": 168.32999999999998, "Highlands": 51.57239669421489, "Jefferson": 133.63565217391306, "Wakulla": 35.77913043478261, "Holmes": 268.2570588235294, "Bradford": 11.132903225806452, "Gulf": 93.82657142857147, "Madison": 92.51090909090908, "Gilchrist": 137.6381818181818, "Liberty": 161.60999999999999, "Hamilton": 38.64473684210526, "Hendry": 51.80634146341465, "Lafayette": 768.47}, "New York": {"New York": 1.1486586397110072, "Onondaga": 12.305357398141522, "Albany": 5.679055752497575, "Nassau": 3.3984874806296292, "Delaware": 16.0515503875969, "Allegany": 21.08828571428571, "Kings": 0.848431443443561, "Tompkins": 7.596067708333338, "Livingston": 13.946481481481491, "Washington": 5.883500000000001, "Queens": 4.199802361897331, "Otsego": 18.87234513274337, "Columbia": 10.090736040609132, "Erie": 9.371325329566824, "Saratoga": 9.38235979292494, "Steuben": 14.718275862068962, "Genesee": 12.591259259259255, "Schenectady": 7.347731958762889, "Schoharie": 3.8837209302325606, "Monroe": 9.838036015756886, "Rockland": 18.16998025666337, "Dutchess": 17.89781284606863, "Richmond": 17.200045766590367, "Westchester": 1.47387088466326, "Suffolk": 6.343963974854914, "Ontario": 13.891962025316449, "Bronx": 8.262885930190738, "Cayuga": 4.946443850267381, "Orange": 13.55335960591132, "St. Lawrence": 14.548563380281685, "Clinton": 10.788744394618833, "Broome": 21.392367736339995, "Chenango": 16.537213114754103, "Chautauqua": 6.935858585858591, "Lewis": 13.377910447761197, "Niagara": 15.380065359477125, "Warren": 12.010941475826973, "Putnam": 11.978387096774195, "Madison": 1.9982100456621, "Oneida": 13.198731466227343, "Franklin": 11.605732484076436, "Ulster": 13.005449949443886, "Oswego": 9.208222222222224, "Wayne": 19.397097505668945, "Rensselaer": 1.8670577971646671, "Jefferson": 4.909371069182395, "Cortland": 11.014666666666669, "Greene": 8.772857142857143, "Chemung": 10.028112449799202, "Tioga": 7.965833333333331, "Orleans": 11.842903225806456, "Schuyler": 25.977551020408164, "Montgomery": 56.69261363636363, "Essex": 15.570761904761905, "Cattaraugus": 10.462211055276377, "Yates": 43.6307894736842, "Fulton": 15.68684210526316, "Sullivan": 12.597794117647052, "Hamilton": 2.2133333333333334, "Herkimer": 19.802169811320752, "Seneca": 8.649999999999995, "Wyoming": 11.146274509803922}, "California": {"Orange": 0.06171889135529757, "Fresno": 9.523822152886103, "Stanislaus": 20.76714814814815, "San Diego": 3.205839129406198, "Santa Clara": 1.4157515010270272, "San Mateo": 3.07797692030291, "Los Angeles": 0.6167045463247293, "San Francisco": 2.9887808985712048, "Sacramento": 5.471429289544247, "Shasta": 8.144846625766874, "Yolo": 13.706971264367809, "Alameda": 4.853376221714801, "Calaveras": 29.952637362637347, "Contra Costa": 3.7374918970448094, "Riverside": 6.662371719872975, "Solano": 12.373981117230523, "Kern": 10.589351063829785, "San Bernardino": 5.37391203345209, "El Dorado": 0.6584759466379194, "Sonoma": 8.288111111111117, "Lake": 22.077249999999996, "Napa": 8.791907032181168, "Placer": 0.40350149211311637, "Marin": 7.206025166543303, "Humboldt": 15.475228873239441, "Ventura": 4.073342149220483, "Imperial": 11.66544342507645, "Santa Cruz": 5.19181332714186, "Mendocino": 14.170225352112677, "San Joaquin": 9.621741901221444, "Tulare": 18.625023255813968, "Plumas": 18.971470588235295, "Butte": 25.944804928131404, "Santa Barbara": 1.0022169967909709, "Monterey": 10.672579263067702, "Merced": 13.81531746031747, "Nevada": 13.264932126696836, "San Luis Obispo": 10.856408268733848, "Tuolumne": 21.055555555555557, "Del Norte": 18.323906250000004, "Madera": 11.627175572519079, "Kings": 22.43883720930233, "San Benito": 15.131172839506167, "Sutter": 10.038988764044944, "Siskiyou": 21.608444444444444, "Tehama": 21.897966101694927, "Mono": 11.309777777777777, "Modoc": 29.45357142857143, "Glenn": 19.739761904761902, "Yuba": 20.268962264150947, "Lassen": 14.128260869565214, "Amador": 95.93539215686269, "Inyo": 9.983770491803282, "Mariposa": 20.667692307692302, "Colusa": 12.560344827586205, "Trinity": 21.538571428571426, "Sierra": 30.399999999999995, "Alpine": 325.51}, "Utah": {"Salt Lake": 1.7672891424997987, "Utah": 1.3991872490570634, "Summit": 2.072799999999998, "Tooele": 2.5033576642335773, "Davis": 2.728655717761561, "Weber": 1.1441920374707282, "Washington": 2.05981395348837, "Cache": 1.479251700680274, "Box Elder": 2.1361061946902655, "Iron": 2.3936082474226783, "Morgan": 8.346399999999996, "San Juan": 4.3740000000000006, "Duchesne": 2.2964824120603016, "Grand": 3.4004477611940302, "Uintah": 2.5270731707317076, "Sevier": 2.317125, "Wasatch": 4.040156250000001, "Sanpete": 1.980904977375565, "Millard": 6.882857142857141, "Kane": 3.0769999999999995, "Rich": 7.2125, "Daggett": 8.185, "Emery": 2.722727272727273, "Garfield": 4.291111111111111, "Juab": 3.2680000000000007, "Carbon": 2.019172932330827, "Beaver": 0.9890000000000001, "Wayne": 6.675}, "Montana": {"Yellowstone": 1.0299231332357255, "Missoula": 1.3663391984359732, "Gallatin": 3.844569583931138, "Lake": 4.9503076923076925, "Silver Bow": 1.6325339366515843, "Rosebud": 4.626842105263158, "Carter": 2.38, "Lewis and Clark": 3.283387978142076, "Flathead": 3.474545454545452, "Richland": 3.643888888888889, "Valley": 4.673461538461539, "Custer": 3.4812499999999997, "Sheridan": 3.24, "Madison": 3.137837837837837, "Lincoln": 4.074800000000001, "Cascade": 3.8579435483870967, "Toole": 3.8140000000000005, "Granite": 3.481111111111111, "Beaverhead": 1.6884722222222222, "Stillwater": 3.692222222222222, "Sanders": 3.4509090909090903, "Ravalli": 4.271370967741936, "Carbon": 3.299999999999999, "Musselshell": 2.4875, "Deer Lodge": 2.6675, "Powder River": 2.32, "Teton": 4.07076923076923, "Fergus": 1.4518421052631583, "Park": 4.510000000000001, "Hill": 4.483658536585366, "Daniels": 3.4516666666666667, "Roosevelt": 3.523333333333333, "Chouteau": 3.196153846153846, "Jefferson": 6.031818181818182, "McCone": 3.3383333333333334, "Broadwater": 1.7940000000000003, "Dawson": 4.349444444444446, "Meagher": 4.098571428571428, "Phillips": 2.160526315789474, "Pondera": 2.8725, "Sweet Grass": 3.1363636363636362, "Glacier": 1.7265957446808509, "Liberty": 3.448571428571429, "Fallon": 4.925833333333333, "Wheatland": 1.7466666666666668, "Petroleum": 2.948, "Wibaux": 3.48, "Mineral": 5.346666666666667, "Big Horn": 2.796666666666667,