{"California": {"Alameda": 0.020017276164933, "Alpine": 1.22, "Amador": 1.24421568627451, "Butte": 44.417597535934284, "Calaveras": 2.5884615384615404, "Colusa": 0.9675862068965518, "Contra Costa": 0.10079122974261129, "Del Norte": 1.1235937500000004, "El Dorado": 0.027108206441180473, "Fresno": 0.42513780551221836, "Glenn": 1.0907142857142855, "Humboldt": 0.780404929577464, "Imperial": 0.8582262996941901, "Inyo": 0.6180327868852462, "Kern": 0.4071063829787218, "Kings": 1.0619379844961236, "Lake": 1.002666666666666, "Lassen": 0.6414492753623189, "Los Angeles": 0.008439225355887538, "Madera": 0.6274300254452929, "Marin": 0.3388823094004458, "Mariposa": 1.1448717948717946, "Mendocino": 0.909098591549296, "Merced": 0.7431150793650785, "Modoc": 1.2507142857142857, "Mono": 1.052222222222222, "Monterey": 0.5675921165381301, "Napa": 0.6180691299165676, "Nevada": 0.9167420814479614, "Orange": 0.00040548125954518343, "Placer": 0.030382975699872004, "Plumas": 1.1300000000000001, "Riverside": 0.17272438575965274, "Sacramento": 0.1741152815013405, "San Benito": 0.9427160493827169, "San Bernardino": 0.1591729905528889, "San Diego": 0.051721315353678556, "San Francisco": 0.05946705057858404, "San Joaquin": 0.41950610727562254, "San Luis Obispo": 0.59637381567614, "San Mateo": 0.07791056617381853, "Santa Barbara": 0.04786046254287944, "Santa Clara": 0.021611826512877193, "Santa Cruz": 0.19964708613884397, "Shasta": 0.6589161554192235, "Sierra": 1.4066666666666665, "Siskiyou": 1.1232222222222221, "Solano": 0.523532651455545, "Sonoma": 0.41219806763284944, "Stanislaus": 0.6778765432098779, "Sutter": 0.6322846441947568, "Tehama": 1.043898305084745, "Trinity": 1.1342857142857141, "Tulare": 0.7115038759689922, "Tuolumne": 1.1198290598290594, "Ventura": 0.1399610244988871, "Yolo": 0.4759482758620666, "Yuba": 1.1220754716981123}, "Florida": {"Alachua": 0.6707131452900491, "Baker": 0.7617647058823531, "Bay": 0.7894629156010232, "Bradford": 1.4238709677419354, "Brevard": 0.4619296740994852, "Broward": 0.016745079783282588, "Calhoun": 1.4142857142857141, "Charlotte": 1.1059113300492622, "Citrus": 0.9188793103448273, "Clay": 0.5542262678803633, "Collier": 0.47877510040160737, "Columbia": 0.8715178571428571, "DeSoto": 0.9227272727272727, "Dixie": 1.0755555555555556, "Duval": 0.1653145523677842, "Escambia": 0.4890637860082303, "Flagler": 0.8479391891891894, "Franklin": 1.0663636363636364, "Gadsden": 0.6817460317460318, "Gilchrist": 1.0240909090909092, "Glades": 0.44857142857142857, "Gulf": 0.9045714285714282, "Hamilton": 0.23842105263157895, "Hardee": 0.7122857142857143, "Hendry": 0.9178048780487804, "Hernando": 0.7622636103151863, "Highlands": 0.9583471074380161, "Hillsborough": 0.14456515499425882, "Holmes": 0.8352941176470587, "Indian River": 0.6444714038128248, "Jackson": 0.8250000000000001, "Jefferson": 1.09, "Lafayette": 1.045, "Lake": 0.4713545150501679, "Lee": 0.18138302455837976, "Leon": 0.345461904761905, "Levy": 0.9511904761904759, "Liberty": 1.0825, "Madison": 0.8754545454545454, "Manatee": 0.4988461538461554, "Marion": 0.5399425287356321, "Martin": 0.6695548961424317, "Miami-Dade": 0.0018558940803598742, "Monroe": 0.910863787375415, "Nassau": 0.8594160583941605, "Okaloosa": 0.7163965517241376, "Okeechobee": 0.6724193548387096, "Orange": 0.08595721292068292, "Osceola": 0.5689116379310342, "Palm Beach": 0.002457932830567187, "Pasco": 0.5014046579330415, "Pinellas": 0.00020630259525351846, "Polk": 0.46240680183126315, "Putnam": 0.9479761904761901, "Santa Rosa": 0.8279185520361979, "Sarasota": 0.505995907230559, "Seminole": 0.2618819875776393, "St. Johns": 0.5242899850523168, "St. Lucie": 0.5657328605200949, "Sumter": 0.8254958677685946, "Suwannee": 0.96390243902439, "Taylor": 1.0846153846153845, "Union": 0.9931249999999998, "Volusia": 0.47910358565737093, "Wakulla": 0.9880434782608696, "Walton": 0.8031746031746034, "Washington": 1.1086666666666667}, "Hawaii": {"Hawaii": 0.8549523809523817, "Honolulu": 0.09846597721822549, "Kauai": 0.9098660714285717, "Maui": 0.8386132812500006}, "Kentucky": {"Adair": 0.8227999999999999, "Allen": 1.4655555555555555, "Anderson": 1.1630188679245281, "Ballard": 1.3116666666666665, "Barren": 1.1335714285714287, "Bath": 1.342, "Bell": 1.2006451612903226, "Boone": 0.9858490566037743, "Bourbon": 0.622982456140351, "Boyd": 0.5406923076923082, "Boyle": 1.1009411764705876, "Bracken": 1.4142857142857144, "Breathitt": 1.2483333333333333, "Breckinridge": 0.963125, "Bullitt": 1.4158750000000018, "Butler": 2.098181818181818, "Caldwell": 1.3841666666666665, "Calloway": 1.3171084337349395, "Campbell": 0.851643518518518, "Carlisle": 2.5233333333333334, "Carroll": 2.461, "Carter": 2.798125, "Casey": 14.903, "Christian": 2.0107999999999997, "Clark": 1.2336363636363636, "Clay": 0.74, "Clinton": 1.326, "Crittenden": 1.003, "Cumberland": 0.8900000000000001, "Daviess": 0.6206369426751588, "Edmonson": 4.267777777777778, "Elliott": 1.13, "Estill": 1.095294117647059, "Fayette": 0.3617214996174445, "Fleming": 1.2389999999999997, "Floyd": 1.156, "Franklin": 0.722471264367816, "Fulton": 0.6807142857142855, "Gallatin": 0.9188888888888889, "Garrard": 1.0453846153846154, "Grant": 1.0933333333333333, "Graves": 0.48946236559139794, "Grayson": 0.7165217391304348, "Green": 1.0233333333333334, "Greenup": 1.0658333333333332, "Hancock": 1.17, "Hardin": 0.7451528384279473, "Harlan": 0.9235714285714287, "Harrison": 0.974, "Hart": 1.0958823529411763, "Henderson": 0.5162580645161291, "Henry": 1.125714285714286, "Hickman": 1.15, "Hopkins": 0.7909999999999997, "Jackson": 0.9863636363636362, "Jefferson": 0.022396930854752473, "Jessamine": 0.8664341085271312, "Johnson": 0.9613043478260871, "Kenton": 0.14684589170768628, "Knott": 1.0488888888888885, "Knox": 0.7536, "Larue": 1.16, "Laurel": 1.052439024390244, "Lawrence": 1.0203703703703706, "Lee": 0.8825000000000001, "Leslie": 0.9657142857142856, "Letcher": 0.9521052631578947, "Lewis": 0.6051724137931035, "Lincoln": 0.9059375, "Livingston": 1.1842857142857142, "Logan": 1.001219512195122, "Lyon": 1.1300000000000001, "Madison": 0.7881249999999996, "Magoffin": 1.238, "Marion": 1.1255555555555556, "Marshall": 0.9396610169491525, "Martin": 1.098, "Mason": 1.0552941176470587, "McCracken": 0.8426701570680625, "McCreary": 1.1844444444444444, "McLean": 1.1549999999999998, "Meade": 1.0242105263157895, "Menifee": 1.26, "Mercer": 1.0835294117647063, "Metcalfe": 1.156, "Monroe": 0.7933333333333333, "Montgomery": 1.0277777777777777, "Morgan": 1.1171428571428572, "Muhlenberg": 1.1396969696969694, "Nelson": 0.6679310344827584, "Nicholas": 1.22, "Ohio": 1.1564285714285716, "Oldham": 0.7939170506912436, "Owen": 0.7345, "Owsley": 1.15, "Pendleton": 0.9541176470588235, "Perry": 1.1694117647058822, "Pike": 1.0310204081632652, "Powell": 1.152, "Pulaski": 0.7571717171717172, "Rockcastle": 0.6258947368421052, "Rowan": 1.0960000000000003, "Russell": 0.3205555555555556, "Scott": 0.9279289940828396, "Shelby": 0.841461538461538, "Simpson": 1.08, "Spencer": 1.0202941176470592, "Taylor": 0.38335164835164826, "Todd": 1.0499999999999998, "Trigg": 1.147857142857143, "Trimble": 1.02875, "Union": 1.0514285714285714, "Warren": 0.6225773195876301, "Washington": 1.1212499999999999, "Wayne": 1.1724999999999999, "Webster": 1.1966666666666665, "Whitley": 0.994126984126984, "Wolfe": 1.13, "Woodford": 0.8797142857142853}, "Montana": {"Beaverhead": 1.0969444444444445, "Big Horn": 0.4749999999999999, "Blaine": 1.225, "Broadwater": 1.1791999999999998, "Carbon": 1.8931250000000004, "Carter": 4.19, "Cascade": 6.5719758064516105, "Chouteau": 8.922307692307692, "Custer": 8.1125, "Daniels": 15.703333333333333, "Dawson": 12.44888888888889, "Deer Lodge": 8.2525, "Fallon": 4.995833333333333, "Fergus": 3.7651973684210507, "Flathead": 4.549393939393942, "Gallatin": 2.6875035868005743, "Glacier": 4.507553191489364, "Granite": 9.532222222222224, "Hill": 12.36439024390244, "Jefferson": 13.281363636363636, "Judith Basin": 10.950000000000001, "Lake": 11.986307692307694,